{
  "manifest": {
    "publishingInformation": {
      "locales": {
        "en-US": {
          "summary": "Sample Short Description",
          "examplePhrases": [
            "Alexa open hello world"
          ],
          "name": "supers",
          "description": "Sample Full Description"
        }
      },
      "isAvailableWorldwide": true,
      "testingInstructions": "Sample Testing Instructions.",
      "category": "EDUCATION_AND_REFERENCE",
      "distributionCountries": []
    },
    "apis": {
      "custom": {
        "endpoint": {
          "sslCertificateType": "Wildcard",
          "uri": "https://webhook.jovo.cloud/383b3f7e-62a8-4646-ac4e-90f86c8bb59c"
        },
        "interfaces": []
      }
    },
    "manifestVersion": "1.0"
  }
}
