{
  "interactionModel": {
    "languageModel": {
      "invocationName": "alfred",
      "intents": [
        {
          "name": "AMAZON.CancelIntent",
          "samples": []
        },
        {
          "name": "AMAZON.HelpIntent",
          "samples": []
        },
        {
          "name": "AMAZON.StopIntent",
          "samples": []
        },
        {
          "name": "EventIntent",
          "samples": [
            "tell me the events in room",
            "what is happeing in the room",
            "what is going in the room"
          ]
        },
        {
          "name": "TemperatureIntent",
          "samples": [
            "tell me the temperature",
            "temperature",
            "what is the temperature right now"
          ]
        },
        {
          "name": "lightintent",
          "samples": [
            "what is the stat of the light",
            "light ",
            "is the light off",
            "is the light on"
          ]
        },
        {
          "name": "humedityIntent",
          "samples": [
            "humedity",
            "what is the humedity"
          ]
        },
        {
          "name": "EventsIntent",
          "samples": [
            "tell me all the events for today",
            "what are happend today"
          ]
        },
        {
          "name": "consumptionIntent",
          "samples": [
            "how much did we consume this month",
            "waht is the total water consumtion"
          ]
        }
      ]
    }
  }
}
